<?xml version="1.0" encoding="UTF-8"?>
<metadata><idinfo><citation><citeinfo><origin>Air Survey Corporation. Maintained/Updated by Philadelphia Department of Streets, Transportation GIS Unit</origin><pubdate>201201</pubdate><title>Philadelphia Curb Edges</title><geoform>vector digital data</geoform><pubinfo><pubplace>Philadelphia, Pennsylvania</pubplace><publish>City of Philadelphia, Department of Streets</publish></pubinfo><onlink>http://www.pasda.psu.edu</onlink><lworkcit><citeinfo><pubinfo><pubplace>Philadelphia, Pennsylvania</pubplace><publish>City of Philadelphia, Department of Streets</publish></pubinfo></citeinfo></lworkcit></citeinfo></citation><descript><abstract>Polygons representing the area of drivable pavement citywide, as well as interior non-street polygons. Note: Curb polygons captured north of Stenton Ave in Montgomery County was captured at the request of PWD for their facilities in that region.</abstract><purpose>To repreresent travelways within the City of Philadelphia. Aids in placement of street centerline, another important data layer</purpose></descript><timeperd><timeinfo><mdattim><sngdate><caldate>201201</caldate></sngdate></mdattim></timeinfo><current>publication date</current></timeperd><status><progress>Complete</progress><update>As needed, released quarterly</update></status><spdom><bounding><westbc>-75.284774</westbc><eastbc>-74.955645</eastbc><northbc>40.144365</northbc><southbc>39.867989</southbc></bounding></spdom><keywords><theme><themekt>ISO 19115 Topic Categories</themekt><themekey>Transportation</themekey></theme><place><placekey>Philadelphia</placekey><placekey>Philly</placekey><placekey>South East PA</placekey><placekey>South East Pennsylvania</placekey><placekey>Southeastern PA</placekey><placekey>Southeastern Pennsylvania</placekey><placekey>Delaware Valley</placekey><placekey>Philadelphia County</placekey></place></keywords><accconst>City of Philadelphia employees and those granted permission.</accconst><useconst>None</useconst><ptcontac><cntinfo><cntorgp><cntorg>City of Philadelphia, Department of Streets</cntorg><cntper>U. S. Grant Ervin</cntper></cntorgp><cntpos>GIS Manager</cntpos><cntaddr><addrtype>mailing and physical address</addrtype><address>1401 JFK Blvd</address><city>Philadelphia</city><state>Pennsylvania</state><postal>19102</postal><country>USA</country></cntaddr><cntvoice>215-686-5080</cntvoice><cntfax>215-686-5182</cntfax><cntemail>grant.ervin@phila.gov</cntemail><hours>9 am to 5 pm</hours></cntinfo></ptcontac><secinfo><secsys>No security considerations</secsys><secclass>Unclassified</secclass></secinfo><native>Microsoft Windows 2000 Version 5.2 (Build 3790) Service Pack 2; ESRI ArcCatalog 9.3.1.3000</native><crossref><citeinfo><title>GIS_STREETS.Curbs</title><pubinfo><pubplace>Philadelphia, Pennsylvania</pubplace><publish>City of Philadelphia, Department of Streets</publish></pubinfo><lworkcit><citeinfo><pubinfo><pubplace>Philadelphia, Pennsylvania</pubplace><publish>City of Philadelphia, Department of Streets</publish></pubinfo></citeinfo></lworkcit></citeinfo></crossref></idinfo><dataqual><attracc><attraccr>The attributes are reviewed constantly for accuracy whenever possible. A continuous process.</attraccr></attracc><lineage><srcinfo><srccite><citeinfo><pubinfo><pubplace>Philadelphia, Pennsylvania</pubplace><publish>City of Philadelphia, Department of Streets</publish></pubinfo><lworkcit><citeinfo><pubinfo><pubplace>Philadelphia, Pennsylvania</pubplace><publish>City of Philadelphia, Department of Streets</publish></pubinfo></citeinfo></lworkcit></citeinfo></srccite><srctime><timeinfo><sngdate><caldate>20061002</caldate><time>unknown</time></sngdate></timeinfo><srccurr>20061002</srccurr></srctime><srccitea>1996 Planimetrics developed by Air Survey Corporation</srccitea></srcinfo><procstep><procdesc>Dataset copied.</procdesc><srcused>D:\gis_common\Metadata\Template</srcused><procdate>Unknown</procdate><proccont><cntinfo><cntperp><cntper>U.S. Grant Ervin</cntper><cntorg>City of Philadelphia, Department of Streets</cntorg></cntperp><cntpos>GIS Manager</cntpos><cntaddr><addrtype>mailing and physical address</addrtype><address>1401 JFK Blvd</address><city>Philadelphia</city><state>Pennsylvania</state><postal>19102</postal><country>USA</country></cntaddr><cntvoice>215-686-5080</cntvoice><cntfax>215-686-5182</cntfax><cntemail>grant.ervin@phila.gov</cntemail><hours>9 am to 5 pm</hours></cntinfo></proccont></procstep><procstep><procdesc>Dataset copied.</procdesc></procstep><procstep><procdesc>Metadata imported.</procdesc><srcused>E:\gis_data\Metadata\Streets_Template.xml</srcused></procstep><procstep><procdesc>Metadata imported.</procdesc><srcused>C:\DOCUME~1\coopsan1\LOCALS~1\Temp\2\xml1F.tmp</srcused><procdate>20090526</procdate><proctime>10262600</proctime></procstep></lineage></dataqual><spdoinfo><direct>Vector</direct><ptvctinf><esriterm Name="PhiladelphiaCurbEdges201201"><efeatyp Sync="TRUE">Simple</efeatyp><efeageom Sync="TRUE">4</efeageom><esritopo Sync="TRUE">FALSE</esritopo><efeacnt Sync="TRUE">24503</efeacnt><spindex Sync="TRUE">TRUE</spindex><linrefer Sync="TRUE">FALSE</linrefer></esriterm></ptvctinf></spdoinfo><spref><horizsys><planar><planci><plance>coordinate pair</plance><coordrep><absres>0.000571</absres><ordres>0.000571</ordres></coordrep><plandu>survey feet</plandu></planci></planar><geodetic><horizdn>North American Datum of 1983</horizdn><ellips>Geodetic Reference System 80</ellips><semiaxis>6378137.000000</semiaxis><denflat>298.257222</denflat></geodetic></horizsys><vertdef><altsys><altres>1.000000</altres><altenc>Explicit elevation coordinate included with horizontal coordinates</altenc></altsys></vertdef></spref><eainfo><detailed Name="PhiladelphiaCurbEdges201201"><enttyp><enttypl>GIS_STREETS.Curbs</enttypl><enttypt Sync="TRUE">Feature Class</enttypt><enttypc Sync="TRUE">24503</enttypc></enttyp><attr><attrlabl Sync="TRUE">FID</attrlabl><attalias Sync="TRUE">FID</attalias><attrtype Sync="TRUE">OID</attrtype><attwidth Sync="TRUE">4</attwidth><atprecis Sync="TRUE">0</atprecis><attscale Sync="TRUE">0</attscale><attrdef Sync="TRUE">Internal feature number.</attrdef><attrdefs Sync="TRUE">ESRI</attrdefs><attrdomv><udom Sync="TRUE">Sequential unique whole numbers that are automatically generated.</udom></attrdomv></attr><attr><attrlabl>OBJECTID</attrlabl><attrdef>Internal feature number.</attrdef><attrdefs>ESRI</attrdefs><attrdomv><udom>Sequential unique whole numbers that are automatically generated.</udom></attrdomv><attalias Sync="TRUE">OBJECTID</attalias><attrtype Sync="TRUE">Double</attrtype><attwidth Sync="TRUE">10</attwidth><atprecis Sync="TRUE">10</atprecis><attscale Sync="TRUE">0</attscale></attr><attr><attrlabl>PERIMETER</attrlabl><attalias Sync="TRUE">PERIMETER</attalias><attrtype Sync="TRUE">Double</attrtype><attwidth Sync="TRUE">19</attwidth><atprecis Sync="TRUE">18</atprecis><attscale Sync="TRUE">8</attscale></attr><attr><attrlabl Sync="TRUE">AREA</attrlabl><attalias Sync="TRUE">AREA</attalias><attrtype Sync="TRUE">Double</attrtype><attwidth Sync="TRUE">19</attwidth><atprecis Sync="TRUE">18</atprecis><attscale Sync="TRUE">8</attscale></attr><attr><attrlabl>FCODE</attrlabl><attrdef>Classification of a curb polygon- whether it consists of  parcels, islands, medians etc; and also its visibility</attrdef><attalias Sync="TRUE">FCODE</attalias><attrtype Sync="TRUE">Double</attrtype><attwidth Sync="TRUE">10</attwidth><atprecis Sync="TRUE">10</atprecis><attscale Sync="TRUE">0</attscale></attr><attr><attrlabl Sync="TRUE">CURBS_POLY</attrlabl><attalias Sync="TRUE">CURBS_POLY</attalias><attrtype Sync="TRUE">Double</attrtype><attwidth Sync="TRUE">10</attwidth><atprecis Sync="TRUE">10</atprecis><attscale Sync="TRUE">0</attscale></attr><attr><attrlabl Sync="TRUE">CURBS_PO_1</attrlabl><attalias Sync="TRUE">CURBS_PO_1</attalias><attrtype Sync="TRUE">Double</attrtype><attwidth Sync="TRUE">10</attwidth><atprecis Sync="TRUE">10</atprecis><attscale Sync="TRUE">0</attscale></attr><attr><attrlabl>ELEV_1</attrlabl><attrdef>Indicates that a polygon is an elevated travelway</attrdef><attalias Sync="TRUE">ELEV_1</attalias><attrtype Sync="TRUE">Double</attrtype><attwidth Sync="TRUE">10</attwidth><atprecis Sync="TRUE">10</atprecis><attscale Sync="TRUE">0</attscale></attr><attr><attrlabl>ELEV_2</attrlabl><attrdef>Indicates that a polygon is a second-level elevated travelway</attrdef><attalias Sync="TRUE">ELEV_2</attalias><attrtype Sync="TRUE">Double</attrtype><attwidth Sync="TRUE">10</attwidth><atprecis Sync="TRUE">10</atprecis><attscale Sync="TRUE">0</attscale></attr><attr><attrlabl>ELEV_3</attrlabl><attrdef>Indicates that a polygon is a third-level elevated travelway</attrdef><attalias Sync="TRUE">ELEV_3</attalias><attrtype Sync="TRUE">Double</attrtype><attwidth Sync="TRUE">10</attwidth><atprecis Sync="TRUE">10</atprecis><attscale Sync="TRUE">0</attscale></attr><attr><attrlabl>UPDATE_</attrlabl><attrdef>If polygon has been modified, the date that modifiaction has been done</attrdef><attalias Sync="TRUE">UPDATE_</attalias><attrtype Sync="TRUE">Date</attrtype><attwidth Sync="TRUE">8</attwidth><atprecis Sync="TRUE">0</atprecis><attscale Sync="TRUE">0</attscale></attr><attr><attrlabl>ADD_DATE</attrlabl><attrdef>If curb polygon did not exist in original version of curbline layer, the date that it was added</attrdef><attalias Sync="TRUE">ADD_DATE</attalias><attrtype Sync="TRUE">Date</attrtype><attwidth Sync="TRUE">8</attwidth><atprecis Sync="TRUE">0</atprecis><attscale Sync="TRUE">0</attscale></attr><attr><attrlabl>CHG_SRC</attrlabl><attrdef>A code indicating reason that a segment had been edited</attrdef><attalias Sync="TRUE">CHG_SRC</attalias><attrtype Sync="TRUE">SmallInteger</attrtype><attwidth Sync="TRUE">1</attwidth><atprecis Sync="TRUE">1</atprecis><attscale Sync="TRUE">0</attscale></attr><attr><attrlabl>CP_ID</attrlabl><attrdef>unique indentification number of a curb polygon</attrdef><attalias Sync="TRUE">CP_ID</attalias><attrtype Sync="TRUE">Integer</attrtype><attwidth Sync="TRUE">6</attwidth><atprecis Sync="TRUE">6</atprecis><attscale Sync="TRUE">0</attscale></attr><attr><attrlabl>SHAPE</attrlabl><attrdef>Feature geometry.</attrdef><attrdefs>ESRI</attrdefs><attrdomv><udom>Coordinates defining the features.</udom></attrdomv><attalias Sync="TRUE">Shape</attalias><attrtype Sync="TRUE">Geometry</attrtype><attwidth Sync="TRUE">0</attwidth><atprecis Sync="TRUE">0</atprecis><attscale Sync="TRUE">0</attscale></attr><attr><attrlabl Sync="TRUE">SHAPE_AREA</attrlabl><attalias Sync="TRUE">SHAPE_AREA</attalias><attrtype Sync="TRUE">Double</attrtype><attwidth Sync="TRUE">19</attwidth><atprecis Sync="TRUE">0</atprecis><attscale Sync="TRUE">0</attscale><attrdef Sync="TRUE">Area of feature in internal units squared.</attrdef><attrdefs Sync="TRUE">ESRI</attrdefs><attrdomv><udom Sync="TRUE">Positive real numbers that are automatically generated.</udom></attrdomv></attr><attr><attrlabl Sync="TRUE">SHAPE_LEN</attrlabl><attalias Sync="TRUE">SHAPE_LEN</attalias><attrtype Sync="TRUE">Double</attrtype><attwidth Sync="TRUE">19</attwidth><atprecis Sync="TRUE">0</atprecis><attscale Sync="TRUE">0</attscale></attr></detailed><overview><eaover>Geographic attributes for curb polygons</eaover></overview></eainfo><distinfo><distrib><cntinfo><cntperp><cntper>Brian Ivey</cntper><cntorg>MOIS-GIS Services Group</cntorg></cntperp><cntpos>GIS Specialist</cntpos><cntaddr><addrtype>mailing address</addrtype><address>1234 Market Street, 15th Floor</address><city>Philadelphia</city><state>PA</state><postal>19119</postal><country>USA</country></cntaddr><cntvoice>215-686-8287</cntvoice><cntfax>215-686-8143</cntfax><cntemail>brian.ivey@phila.gov</cntemail><hours>9 am to 5 pm</hours></cntinfo></distrib><resdesc>Downloadable Data</resdesc><distliab>
The City of Philadelphia makes no warranty or representation, express or implied, with respect to the quality, content, accuracy, completeness, currency, freedom from computer virus, or non-infringement of proprietary rights, of any of the design, information, text, graphics, images, pages, interfaces, links, software, or other materials and items contained in this dataset.  All such items and materials are provided on an
"as is" basis, and you are fully and solely responsible for your use of them and for any results or consequences of your use.  They have been compiled from a variety of sources, including sources beyond the control of the City of Philadelphia and, and are subject to change without notice from the City of Philadelphia.  Commercial use is prohibited without the prior written permission of the City of Philadelphia.  In no event shall the City of Philadelphia or their agencies, officers, employees, agents, or representatives, be liable for any direct, indirect, special, punitive,
incidental, exemplary or consequential damages arising your accessing or using this data, or otherwise arising from the data or from anything contained in or displayed in this data.  Nothing contained in or displayed in this data constitutes or is intended to constitute legal advice by the City of Philadelphia or any of their agencies, officers, employees, agents or representatives. These terms and conditions and all disputes arising under these terms and conditions shall be governed, construed and decided in accordance with the laws of the Commonwealth of Pennsylvania. The City of Philadelphia reserves the right to revise and change these terms and conditions at anytime and without any notice.
</distliab><stdorder><fees>None, unless otherwise specified</fees><ordering>
NOTE: Use this template as a guide to construct your letter requesting City of Philadelphia GIS data.  The letter must be on your organization's letterhead, signed by an officer of the corporation/organization, and must include all information requested below.  Please pay close attention to items in &lt;bold and underlined&gt; and provide data requested in &lt;brackets&gt;.  You will be asked to resubmit your request if all of the requested information is not included.  In the event that the requestor is a contractor using the requested data as part of a contract with the City of Philadelphia, request shall reference the City department for which the work is being done. Please direct your request to:

City of Philadelphia - MOIS
GIS Services Group
1234 Market St., 15th Floor
Philadelphia, PA  19107
Attn:  Brian Ivey
****************************

&lt;XYZ COMPANY&gt; is requesting a portion of the City of Philadelphia's GIS database &lt;IDENTIFY COVERAGES OR DATA LAYERS REQUESTED&gt; for use in &lt;PROJECT DESCRIPTION&gt; for &lt;DEPARTMENT/AGENCY NAME&gt;.  The target area is bounded by &lt;PROJECT BOUNDARIES&gt;.

&lt;XYZ COMPANY&gt; confirms that it will abide by the following conditions for use of this data.  &lt;XYZ COMPANY&gt; will use this database solely in connection with the project described above.  For the purpose of any data displayed on a public web site, &lt;XYZ COMPANY&gt; will remove any attribution from the data that will possibly identify it as being the City of Philadelphia.  The database will be deleted from any electronic storage media in possession of XYZ COMPANY at the completion of the project and the CD on which it is delivered will be returned to the Mayor's Office of Information Services.  Printed maps or reports of any kind displaying data from this database will be presented only to the participating &lt;NEIGHBORHOODS, CITY AGENCIES, PROJECT COMMITTEES, OTHERWISE APPROPRIATE RECEPIENTS&gt; and only in connection with this project. Display materials generated from this database will not be used on any other project nor for demo or promotional use even if the audience is a City agency unless &lt;XYZ COMPANY&gt; has obtained a prior written agreement from the Mayor's Office of Information Services.

&lt;XYZ Company&gt;will not re-distribute the data in digital format to anyone for any purpose. 

All persons associated with &lt;XYZ COMPANY&gt; with access to this database will be informed that it is the property of the City of Philadelphia and advised of the terms under which &lt;XYZ COMPANY&gt; has agreed to its use.   

This database was specified to be built according to National Map Accuracy Standards for 1:2400 scale maps, but &lt;XYZ COMPANY&gt; acknowledges that the City makes no representation about the accuracy of any specific information &lt;XYZ  COMPANY&gt; has requested.  &lt;XYZ COMPANY&gt; will assume complete responsibility for any and all occurrences resulting from &lt;XYZ COMPANY'S&gt; use or display of this database.

&lt;Signature by Officer of the Corporation/Organization&gt;
</ordering></stdorder><custom>See Standard Order Proces.</custom><techpreq>ArcView, ArcInfo, or ArcGis</techpreq><availabl><timeinfo><sngdate><caldate>unknown</caldate><time>unknown</time></sngdate></timeinfo></availabl></distinfo><metainfo><metd>201201</metd><metc><cntinfo><cntperp><cntper>U.S. Grant Ervin</cntper><cntorg>City of Philadelphia, Department of Streets</cntorg></cntperp><cntpos>GIS Manager</cntpos><cntaddr><addrtype>mailing and physical address</addrtype><address>1401 JFK Blvd</address><city>Philadelphia</city><state>Pennsylvania</state><postal>19102</postal><country>USA</country></cntaddr><cntvoice>215-686-5080</cntvoice><cntfax>215-686-5182</cntfax><cntemail>grant.ervin@phila.gov</cntemail><hours>9 am to 5 pm</hours></cntinfo></metc><metstdn>FGDC Content Standards for Digital Geospatial Metadata</metstdn><metstdv>FGDC-STD-001-1998</metstdv><mettc>local time</mettc><metac>None</metac><metuc>None</metuc><metsi><metsc>Unclassified</metsc></metsi></metainfo><dataIdInfo><envirDesc>Microsoft Windows 2000 Version 5.2 (Build 3790) Service Pack 2; ESRI ArcCatalog 9.3.1.3000</envirDesc><dataLang><languageCode value="en" country="US"/></dataLang><idCitation><resTitle>GIS_STREETS.Curbs</resTitle><presForm><PresFormCd value="005"/></presForm></idCitation><spatRpType><SpatRepTypCd value="001"/></spatRpType><dataExt><geoEle><GeoBndBox esriExtentType="search"><westBL>2660336.827978</westBL><eastBL>2749657.208159</eastBL><northBL>305142.666035</northBL><southBL>207079.30932</southBL><exTypeCode>1</exTypeCode></GeoBndBox></geoEle></dataExt><geoBox esriExtentType="decdegrees"><westBL>-75.284774</westBL><eastBL>-74.955645</eastBL><northBL>40.144365</northBL><southBL>39.867989</southBL><exTypeCode>1</exTypeCode></geoBox><descKeys><thesaName uuidref="723f6998-058e-11dc-8314-0800200c9a66"></thesaName><keyword Sync="TRUE">002</keyword></descKeys></dataIdInfo><mdLang><languageCode value="en"/></mdLang><mdStanName>ISO 19115 Geographic Information - Metadata</mdStanName><mdStanVer>DIS_ESRI1.0</mdStanVer><mdChar><CharSetCd value="004"/></mdChar><mdHrLv><ScopeCd value="005"/></mdHrLv><mdHrLvName>dataset</mdHrLvName><distInfo><distributor><distorTran><onLineSrc><orDesc>002</orDesc><linkage>Server=GEODB2.phila.gov; Service=esri_sde; User=gis_streets; Version=SDE.DEFAULT</linkage><protocol>ArcSDE Connection</protocol></onLineSrc></distorTran><distorFormat><formatName>SDE Feature Class</formatName></distorFormat></distributor><distFormat><formatName Sync="TRUE">Shapefile</formatName></distFormat><distTranOps><transSize Sync="TRUE">45.879</transSize></distTranOps></distInfo><refSysInfo><RefSystem><refSysID><identCode code="2272">NAD_1983_StatePlane_Pennsylvania_South_FIPS_3702_Feet</identCode><idCodeSpace Sync="TRUE">EPSG</idCodeSpace><idVersion Sync="TRUE">7.4.1</idVersion></refSysID></RefSystem></refSysInfo><spatRepInfo><VectSpatRep><topLvl><TopoLevCd value="001"/></topLvl><geometObjs><geoObjTyp><GeoObjTypCd value="002"/><geoObjCnt Sync="TRUE">24503</geoObjCnt></geoObjTyp><geoObjCnt>24520</geoObjCnt></geometObjs></VectSpatRep></spatRepInfo><mdDateSt>20110119</mdDateSt><Esri><DataProperties><itemProps><itemName Sync="TRUE">PhiladelphiaCurbEdges201201</itemName><imsContentType Sync="TRUE">002</imsContentType><nativeExtBox><westBL Sync="TRUE">2660336.827978</westBL><eastBL Sync="TRUE">2749657.208159</eastBL><southBL Sync="TRUE">207079.309320</southBL><northBL Sync="TRUE">305142.666035</northBL><exTypeCode Sync="TRUE">1</exTypeCode></nativeExtBox><itemSize Sync="TRUE">45.879</itemSize><itemLocation><linkage Sync="TRUE">file://\\PC-36\D\Philly\update1_9_12\Replace\Philadelphia Curb Edges\PhiladelphiaCurbEdges201201.shp</linkage><protocol Sync="TRUE">Local Area Network</protocol></itemLocation></itemProps><coordRef><type Sync="TRUE">Projected</type><geogcsn Sync="TRUE">GCS_North_American_1983</geogcsn><projcsn Sync="TRUE">NAD_1983_StatePlane_Pennsylvania_South_FIPS_3702_Feet</projcsn><peXml Sync="TRUE">&lt;ProjectedCoordinateSystem xsi:type='typens:ProjectedCoordinateSystem' xmlns:xsi='http://www.w3.org/2001/XMLSchema-instance' xmlns:xs='http://www.w3.org/2001/XMLSchema' xmlns:typens='http://www.esri.com/schemas/ArcGIS/10.0'&gt;&lt;WKT&gt;PROJCS[&amp;quot;NAD_1983_StatePlane_Pennsylvania_South_FIPS_3702_Feet&amp;quot;,GEOGCS[&amp;quot;GCS_North_American_1983&amp;quot;,DATUM[&amp;quot;D_North_American_1983&amp;quot;,SPHEROID[&amp;quot;GRS_1980&amp;quot;,6378137.0,298.257222101]],PRIMEM[&amp;quot;Greenwich&amp;quot;,0.0],UNIT[&amp;quot;Degree&amp;quot;,0.0174532925199433]],PROJECTION[&amp;quot;Lambert_Conformal_Conic&amp;quot;],PARAMETER[&amp;quot;False_Easting&amp;quot;,1968500.0],PARAMETER[&amp;quot;False_Northing&amp;quot;,0.0],PARAMETER[&amp;quot;Central_Meridian&amp;quot;,-77.75],PARAMETER[&amp;quot;Standard_Parallel_1&amp;quot;,39.93333333333333],PARAMETER[&amp;quot;Standard_Parallel_2&amp;quot;,40.96666666666667],PARAMETER[&amp;quot;Latitude_Of_Origin&amp;quot;,39.33333333333334],UNIT[&amp;quot;Foot_US&amp;quot;,0.3048006096012192],AUTHORITY[&amp;quot;EPSG&amp;quot;,2272]]&lt;/WKT&gt;&lt;XOrigin&gt;-119214200&lt;/XOrigin&gt;&lt;YOrigin&gt;-96198500&lt;/YOrigin&gt;&lt;XYScale&gt;37163717.489134133&lt;/XYScale&gt;&lt;ZOrigin&gt;-100000&lt;/ZOrigin&gt;&lt;ZScale&gt;10000&lt;/ZScale&gt;&lt;MOrigin&gt;-100000&lt;/MOrigin&gt;&lt;MScale&gt;10000&lt;/MScale&gt;&lt;XYTolerance&gt;0.0032808333333333335&lt;/XYTolerance&gt;&lt;ZTolerance&gt;0.001&lt;/ZTolerance&gt;&lt;MTolerance&gt;0.001&lt;/MTolerance&gt;&lt;HighPrecision&gt;true&lt;/HighPrecision&gt;&lt;WKID&gt;2272&lt;/WKID&gt;&lt;/ProjectedCoordinateSystem&gt;</peXml></coordRef></DataProperties><SyncDate>20120109</SyncDate><SyncTime>15174300</SyncTime><ModDate>20120109</ModDate><ModTime>15174300</ModTime></Esri></metadata>
